newID,treatment,Period,Subject,id,BS,CN,type,daAaB,daBaA,actualDaAaB,actualDaBaA,prevA,prevB
101,A incentive,1,1,1,0,1,2,NA,8,2,NA,NA,NA
101,A incentive,2,1,1,0,1,1,7,NA,NA,5,NA,2
101,A incentive,3,1,1,0,1,2,NA,5,6,NA,5,2
101,A incentive,4,1,1,0,1,1,10,NA,NA,0,5,6
101,A incentive,5,1,1,0,1,2,NA,9,10,NA,0,6
101,A incentive,6,1,1,0,1,1,9,NA,NA,20,0,10
101,A incentive,7,1,1,0,1,2,NA,9,10,NA,20,10
101,A incentive,8,1,1,0,1,1,8,NA,NA,0,20,10
101,A incentive,9,1,1,0,1,2,NA,3,2,NA,0,10
101,A incentive,10,1,1,0,1,1,7,NA,NA,0,0,2
102,A incentive,1,2,2,0,1,1,5,NA,NA,4,NA,NA
102,A incentive,2,2,2,0,1,2,NA,8,5,NA,4,NA
102,A incentive,3,2,2,0,1,1,6,NA,NA,11,4,5
102,A incentive,4,2,2,0,1,2,NA,13,4,NA,11,5
102,A incentive,5,2,2,0,1,1,8,NA,NA,5,11,4
102,A incentive,6,2,2,0,1,2,NA,20,9,NA,5,4
102,A incentive,7,2,2,0,1,1,9,NA,NA,5,5,9
102,A incentive,8,2,2,0,1,2,NA,15,3,NA,5,9
102,A incentive,9,2,2,0,1,1,9,NA,NA,1,5,3
102,A incentive,10,2,2,0,1,2,NA,10,1,NA,1,3
103,A incentive,1,3,3,0,1,2,NA,10,10,NA,NA,NA
103,A incentive,2,3,3,0,1,1,5,NA,NA,8,NA,10
103,A incentive,3,3,3,0,1,2,NA,5,6,NA,8,10
103,A incentive,4,3,3,0,1,1,3,NA,NA,1,8,6
103,A incentive,5,3,3,0,1,2,NA,1,2,NA,1,6
103,A incentive,6,3,3,0,1,1,2,NA,NA,0,1,2
103,A incentive,7,3,3,0,1,2,NA,4,7,NA,0,2
103,A incentive,8,3,3,0,1,1,3,NA,NA,15,0,7
103,A incentive,9,3,3,0,1,2,NA,2,3,NA,15,7
103,A incentive,10,3,3,0,1,1,4,NA,NA,7,15,3
104,A incentive,1,4,4,0,1,1,6,NA,NA,5,NA,NA
104,A incentive,2,4,4,0,1,2,NA,4,4,NA,5,NA
104,A incentive,3,4,4,0,1,1,3,NA,NA,0,5,4
104,A incentive,4,4,4,0,1,2,NA,20,10,NA,0,4
104,A incentive,5,4,4,0,1,1,9,NA,NA,8,0,10
104,A incentive,6,4,4,0,1,2,NA,4,4,NA,8,10
104,A incentive,7,4,4,0,1,1,5,NA,NA,4,8,4
104,A incentive,8,4,4,0,1,2,NA,10,9,NA,4,4
104,A incentive,9,4,4,0,1,1,7,NA,NA,3,4,9
104,A incentive,10,4,4,0,1,2,NA,7,4,NA,3,9
105,A incentive,1,5,5,0,1,2,NA,7,4,NA,NA,NA
105,A incentive,2,5,5,0,1,1,8,NA,NA,5,NA,4
105,A incentive,3,5,5,0,1,2,NA,2,5,NA,5,4
105,A incentive,4,5,5,0,1,1,10,NA,NA,20,5,5
105,A incentive,5,5,5,0,1,2,NA,10,4,NA,20,5
105,A incentive,6,5,5,0,1,1,10,NA,NA,4,20,4
105,A incentive,7,5,5,0,1,2,NA,5,9,NA,4,4
105,A incentive,8,5,5,0,1,1,9,NA,NA,10,4,9
105,A incentive,9,5,5,0,1,2,NA,5,6,NA,10,9
105,A incentive,10,5,5,0,1,1,6,NA,NA,4,10,6
106,A incentive,1,6,6,0,1,1,7,NA,NA,8,NA,NA
106,A incentive,2,6,6,0,1,2,NA,12,8,NA,8,NA
106,A incentive,3,6,6,0,1,1,6,NA,NA,5,8,8
106,A incentive,4,6,6,0,1,2,NA,8,3,NA,5,8
106,A incentive,5,6,6,0,1,1,9,NA,NA,7,5,3
106,A incentive,6,6,6,0,1,2,NA,5,4,NA,7,3
106,A incentive,7,6,6,0,1,1,10,NA,NA,2,7,4
106,A incentive,8,6,6,0,1,2,NA,1,3,NA,2,4
106,A incentive,9,6,6,0,1,1,6,NA,NA,5,2,3
106,A incentive,10,6,6,0,1,2,NA,3,4,NA,5,3
107,A incentive,1,7,7,0,1,2,NA,15,5,NA,NA,NA
107,A incentive,2,7,7,0,1,1,4,NA,NA,5,NA,5
107,A incentive,3,7,7,0,1,2,NA,11,6,NA,5,5
107,A incentive,4,7,7,0,1,1,3,NA,NA,4,5,6
107,A incentive,5,7,7,0,1,2,NA,7,2,NA,4,6
107,A incentive,6,7,7,0,1,1,8,NA,NA,4,4,2
107,A incentive,7,7,7,0,1,2,NA,1,2,NA,4,2
107,A incentive,8,7,7,0,1,1,3,NA,NA,1,4,2
107,A incentive,9,7,7,0,1,2,NA,0,0,NA,1,2
107,A incentive,10,7,7,0,1,1,1,NA,NA,0,1,0
108,A incentive,1,8,8,0,1,1,5,NA,NA,7,NA,NA
108,A incentive,2,8,8,0,1,2,NA,4,2,NA,7,NA
108,A incentive,3,8,8,0,1,1,6,NA,NA,5,7,2
108,A incentive,4,8,8,0,1,2,NA,1,3,NA,5,2
108,A incentive,5,8,8,0,1,1,4,NA,NA,10,5,3
108,A incentive,6,8,8,0,1,2,NA,4,8,NA,10,3
108,A incentive,7,8,8,0,1,1,7,NA,NA,4,10,8
108,A incentive,8,8,8,0,1,2,NA,2,4,NA,4,8
108,A incentive,9,8,8,0,1,1,3,NA,NA,2,4,4
108,A incentive,10,8,8,0,1,2,NA,4,6,NA,2,4
109,A incentive,1,9,9,0,1,2,NA,8,7,NA,NA,NA
109,A incentive,2,9,9,0,1,1,2,NA,NA,0,NA,7
109,A incentive,3,9,9,0,1,2,NA,5,5,NA,0,7
109,A incentive,4,9,9,0,1,1,5,NA,NA,10,0,5
109,A incentive,5,9,9,0,1,2,NA,7,9,NA,10,5
109,A incentive,6,9,9,0,1,1,6,NA,NA,3,10,9
109,A incentive,7,9,9,0,1,2,NA,2,3,NA,3,9
109,A incentive,8,9,9,0,1,1,1,NA,NA,1,3,3
109,A incentive,9,9,9,0,1,2,NA,10,10,NA,1,3
109,A incentive,10,9,9,0,1,1,4,NA,NA,3,1,10
110,A incentive,1,10,10,0,1,1,10,NA,NA,10,NA,NA
110,A incentive,2,10,10,0,1,2,NA,0,2,NA,10,NA
110,A incentive,3,10,10,0,1,1,10,NA,NA,10,10,2
110,A incentive,4,10,10,0,1,2,NA,10,5,NA,10,2
110,A incentive,5,10,10,0,1,1,10,NA,NA,9,10,5
110,A incentive,6,10,10,0,1,2,NA,0,2,NA,9,5
110,A incentive,7,10,10,0,1,1,10,NA,NA,9,9,2
110,A incentive,8,10,10,0,1,2,NA,0,8,NA,9,2
110,A incentive,9,10,10,0,1,1,10,NA,NA,10,9,8
110,A incentive,10,10,10,0,1,2,NA,0,7,NA,10,8
111,A incentive,1,11,11,0,1,2,NA,6,3,NA,NA,NA
111,A incentive,2,11,11,0,1,1,8,NA,NA,12,NA,3
111,A incentive,3,11,11,0,1,2,NA,10,10,NA,12,3
111,A incentive,4,11,11,0,1,1,8,NA,NA,2,12,10
111,A incentive,5,11,11,0,1,2,NA,3,5,NA,2,10
111,A incentive,6,11,11,0,1,1,4,NA,NA,5,2,5
111,A incentive,7,11,11,0,1,2,NA,3,5,NA,5,5
111,A incentive,8,11,11,0,1,1,4,NA,NA,2,5,5
111,A incentive,9,11,11,0,1,2,NA,6,6,NA,2,5
111,A incentive,10,11,11,0,1,1,8,NA,NA,0,2,6
112,A incentive,1,12,12,0,1,1,5,NA,NA,15,NA,NA
112,A incentive,2,12,12,0,1,2,NA,5,8,NA,15,NA
112,A incentive,3,12,12,0,1,1,5,NA,NA,5,15,8
112,A incentive,4,12,12,0,1,2,NA,8,3,NA,5,8
112,A incentive,5,12,12,0,1,1,5,NA,NA,3,5,3
112,A incentive,6,12,12,0,1,2,NA,5,7,NA,3,3
112,A incentive,7,12,12,0,1,1,3,NA,NA,2,3,7
112,A incentive,8,12,12,0,1,2,NA,1,1,NA,2,7
112,A incentive,9,12,12,0,1,1,6,NA,NA,6,2,1
112,A incentive,10,12,12,0,1,2,NA,0,0,NA,6,1
113,A incentive,1,13,13,0,1,2,NA,7,5,NA,NA,NA
113,A incentive,2,13,13,0,1,1,5,NA,NA,10,NA,5
113,A incentive,3,13,13,0,1,2,NA,2,2,NA,10,5
113,A incentive,4,13,13,0,1,1,4,NA,NA,13,10,2
113,A incentive,5,13,13,0,1,2,NA,0,1,NA,13,2
113,A incentive,6,13,13,0,1,1,4,NA,NA,4,13,1
113,A incentive,7,13,13,0,1,2,NA,0,3,NA,4,1
113,A incentive,8,13,13,0,1,1,6,NA,NA,2,4,3
113,A incentive,9,13,13,0,1,2,NA,1,9,NA,2,3
113,A incentive,10,13,13,0,1,1,2,NA,NA,0,2,9
114,A incentive,1,14,14,0,1,1,4,NA,NA,7,NA,NA
114,A incentive,2,14,14,0,1,2,NA,10,5,NA,7,NA
114,A incentive,3,14,14,0,1,1,5,NA,NA,2,7,5
114,A incentive,4,14,14,0,1,2,NA,0,10,NA,2,5
114,A incentive,5,14,14,0,1,1,2,NA,NA,7,2,10
114,A incentive,6,14,14,0,1,2,NA,0,1,NA,7,10
114,A incentive,7,14,14,0,1,1,3,NA,NA,0,7,1
114,A incentive,8,14,14,0,1,2,NA,0,3,NA,0,1
114,A incentive,9,14,14,0,1,1,0,NA,NA,0,0,3
114,A incentive,10,14,14,0,1,2,NA,0,2,NA,0,3
115,A incentive,1,15,15,0,1,2,NA,5,6,NA,NA,NA
115,A incentive,2,15,15,0,1,1,4,NA,NA,4,NA,6
115,A incentive,3,15,15,0,1,2,NA,0,3,NA,4,6
115,A incentive,4,15,15,0,1,1,3,NA,NA,8,4,3
115,A incentive,5,15,15,0,1,2,NA,5,8,NA,8,3
115,A incentive,6,15,15,0,1,1,1,NA,NA,0,8,8
115,A incentive,7,15,15,0,1,2,NA,4,5,NA,0,8
115,A incentive,8,15,15,0,1,1,3,NA,NA,0,0,5
115,A incentive,9,15,15,0,1,2,NA,0,1,NA,0,5
115,A incentive,10,15,15,0,1,1,0,NA,NA,0,0,1
116,A incentive,1,16,16,0,1,1,3,NA,NA,6,NA,NA
116,A incentive,2,16,16,0,1,2,NA,5,4,NA,6,NA
116,A incentive,3,16,16,0,1,1,6,NA,NA,5,6,4
116,A incentive,4,16,16,0,1,2,NA,2,8,NA,5,4
116,A incentive,5,16,16,0,1,1,2,NA,NA,1,5,8
116,A incentive,6,16,16,0,1,2,NA,4,10,NA,1,8
116,A incentive,7,16,16,0,1,1,5,NA,NA,3,1,10
116,A incentive,8,16,16,0,1,2,NA,2,6,NA,3,10
116,A incentive,9,16,16,0,1,1,1,NA,NA,0,3,6
116,A incentive,10,16,16,0,1,2,NA,0,8,NA,0,6
117,A incentive,1,17,17,0,1,2,NA,4,5,NA,NA,NA
117,A incentive,2,17,17,0,1,1,2,NA,NA,4,NA,5
117,A incentive,3,17,17,0,1,2,NA,5,6,NA,4,5
117,A incentive,4,17,17,0,1,1,3,NA,NA,8,4,6
117,A incentive,5,17,17,0,1,2,NA,8,9,NA,8,6
117,A incentive,6,17,17,0,1,1,7,NA,NA,5,8,9
117,A incentive,7,17,17,0,1,2,NA,2,10,NA,5,9
117,A incentive,8,17,17,0,1,1,4,NA,NA,2,5,10
117,A incentive,9,17,17,0,1,2,NA,3,7,NA,2,10
117,A incentive,10,17,17,0,1,1,1,NA,NA,10,2,7
118,A incentive,1,18,18,0,1,1,2,NA,NA,8,NA,NA
118,A incentive,2,18,18,0,1,2,NA,5,7,NA,8,NA
118,A incentive,3,18,18,0,1,1,2,NA,NA,2,8,7
118,A incentive,4,18,18,0,1,2,NA,4,3,NA,2,7
118,A incentive,5,18,18,0,1,1,1,NA,NA,0,2,3
118,A incentive,6,18,18,0,1,2,NA,3,6,NA,0,3
118,A incentive,7,18,18,0,1,1,2,NA,NA,1,0,6
118,A incentive,8,18,18,0,1,2,NA,2,4,NA,1,6
118,A incentive,9,18,18,0,1,1,2,NA,NA,3,1,4
118,A incentive,10,18,18,0,1,2,NA,0,1,NA,3,4
119,A incentive,1,1,19,1,0,2,NA,0,3,NA,NA,NA
119,A incentive,2,1,19,1,0,1,5,NA,NA,3,NA,3
119,A incentive,3,1,19,1,0,2,NA,0,4,NA,3,3
119,A incentive,4,1,19,1,0,1,5,NA,NA,0,3,4
119,A incentive,5,1,19,1,0,2,NA,0,3,NA,0,4
119,A incentive,6,1,19,1,0,1,0,NA,NA,0,0,3
119,A incentive,7,1,19,1,0,2,NA,0,2,NA,0,3
119,A incentive,8,1,19,1,0,1,5,NA,NA,2,0,2
119,A incentive,9,1,19,1,0,2,NA,0,7,NA,2,2
119,A incentive,10,1,19,1,0,1,0,NA,NA,0,2,7
120,A incentive,1,2,20,1,0,1,2,NA,NA,5,NA,NA
120,A incentive,2,2,20,1,0,2,NA,3,5,NA,5,NA
120,A incentive,3,2,20,1,0,1,2,NA,NA,0,5,5
120,A incentive,4,2,20,1,0,2,NA,0,9,NA,0,5
120,A incentive,5,2,20,1,0,1,3,NA,NA,11,0,9
120,A incentive,6,2,20,1,0,2,NA,6,3,NA,11,9
120,A incentive,7,2,20,1,0,1,3,NA,NA,4,11,3
120,A incentive,8,2,20,1,0,2,NA,1,5,NA,4,3
120,A incentive,9,2,20,1,0,1,5,NA,NA,0,4,5
120,A incentive,10,2,20,1,0,2,NA,0,1,NA,0,5
121,A incentive,1,3,21,1,0,2,NA,0,0,NA,NA,NA
121,A incentive,2,3,21,1,0,1,0,NA,NA,10,NA,0
121,A incentive,3,3,21,1,0,2,NA,0,2,NA,10,0
121,A incentive,4,3,21,1,0,1,0,NA,NA,0,10,2
121,A incentive,5,3,21,1,0,2,NA,0,7,NA,0,2
121,A incentive,6,3,21,1,0,1,0,NA,NA,0,0,7
121,A incentive,7,3,21,1,0,2,NA,0,9,NA,0,7
121,A incentive,8,3,21,1,0,1,0,NA,NA,0,0,9
121,A incentive,9,3,21,1,0,2,NA,0,0,NA,0,9
121,A incentive,10,3,21,1,0,1,0,NA,NA,0,0,0
122,A incentive,1,4,22,1,0,1,9,NA,NA,0,NA,NA
122,A incentive,2,4,22,1,0,2,NA,10,5,NA,0,NA
122,A incentive,3,4,22,1,0,1,5,NA,NA,3,0,5
122,A incentive,4,4,22,1,0,2,NA,0,0,NA,3,5
122,A incentive,5,4,22,1,0,1,7,NA,NA,0,3,0
122,A incentive,6,4,22,1,0,2,NA,1,0,NA,0,0
122,A incentive,7,4,22,1,0,1,6,NA,NA,1,0,0
122,A incentive,8,4,22,1,0,2,NA,10,10,NA,1,0
122,A incentive,9,4,22,1,0,1,6,NA,NA,0,1,10
122,A incentive,10,4,22,1,0,2,NA,0,0,NA,0,10
123,A incentive,1,5,23,1,0,2,NA,3,2,NA,NA,NA
123,A incentive,2,5,23,1,0,1,3,NA,NA,5,NA,2
123,A incentive,3,5,23,1,0,2,NA,4,5,NA,5,2
123,A incentive,4,5,23,1,0,1,4,NA,NA,11,5,5
123,A incentive,5,5,23,1,0,2,NA,0,1,NA,11,5
123,A incentive,6,5,23,1,0,1,3,NA,NA,6,11,1
123,A incentive,7,5,23,1,0,2,NA,4,3,NA,6,1
123,A incentive,8,5,23,1,0,1,4,NA,NA,1,6,3
123,A incentive,9,5,23,1,0,2,NA,1,2,NA,1,3
123,A incentive,10,5,23,1,0,1,2,NA,NA,0,1,2
124,A incentive,1,6,24,1,0,1,2,NA,NA,3,NA,NA
124,A incentive,2,6,24,1,0,2,NA,1,2,NA,3,NA
124,A incentive,3,6,24,1,0,1,4,NA,NA,0,3,2
124,A incentive,4,6,24,1,0,2,NA,0,5,NA,0,2
124,A incentive,5,6,24,1,0,1,2,NA,NA,0,0,5
124,A incentive,6,6,24,1,0,2,NA,0,0,NA,0,5
124,A incentive,7,6,24,1,0,1,2,NA,NA,0,0,0
124,A incentive,8,6,24,1,0,2,NA,0,0,NA,0,0
124,A incentive,9,6,24,1,0,1,0,NA,NA,0,0,0
124,A incentive,10,6,24,1,0,2,NA,0,10,NA,0,0
125,A incentive,1,7,25,1,0,2,NA,3,4,NA,NA,NA
125,A incentive,2,7,25,1,0,1,2,NA,NA,1,NA,4
125,A incentive,3,7,25,1,0,2,NA,3,5,NA,1,4
125,A incentive,4,7,25,1,0,1,1,NA,NA,3,1,5
125,A incentive,5,7,25,1,0,2,NA,0,0,NA,3,5
125,A incentive,6,7,25,1,0,1,1,NA,NA,1,3,0
125,A incentive,7,7,25,1,0,2,NA,1,0,NA,1,0
125,A incentive,8,7,25,1,0,1,0,NA,NA,0,1,0
125,A incentive,9,7,25,1,0,2,NA,3,4,NA,0,0
125,A incentive,10,7,25,1,0,1,1,NA,NA,0,0,4
126,A incentive,1,8,26,1,0,1,0,NA,NA,0,NA,NA
126,A incentive,2,8,26,1,0,2,NA,0,3,NA,0,NA
126,A incentive,3,8,26,1,0,1,0,NA,NA,3,0,3
126,A incentive,4,8,26,1,0,2,NA,0,4,NA,3,3
126,A incentive,5,8,26,1,0,1,0,NA,NA,0,3,4
126,A incentive,6,8,26,1,0,2,NA,0,3,NA,0,4
126,A incentive,7,8,26,1,0,1,0,NA,NA,1,0,3
126,A incentive,8,8,26,1,0,2,NA,0,0,NA,1,3
126,A incentive,9,8,26,1,0,1,0,NA,NA,0,1,0
126,A incentive,10,8,26,1,0,2,NA,0,0,NA,0,0
127,A incentive,1,9,27,1,0,2,NA,0,9,NA,NA,NA
127,A incentive,2,9,27,1,0,1,5,NA,NA,5,NA,9
127,A incentive,3,9,27,1,0,2,NA,0,2,NA,5,9
127,A incentive,4,9,27,1,0,1,0,NA,NA,0,5,2
127,A incentive,5,9,27,1,0,2,NA,0,5,NA,0,2
127,A incentive,6,9,27,1,0,1,0,NA,NA,0,0,5
127,A incentive,7,9,27,1,0,2,NA,0,2,NA,0,5
127,A incentive,8,9,27,1,0,1,0,NA,NA,0,0,2
127,A incentive,9,9,27,1,0,2,NA,0,5,NA,0,2
127,A incentive,10,9,27,1,0,1,0,NA,NA,0,0,5
128,A incentive,1,10,28,1,0,1,3,NA,NA,0,NA,NA
128,A incentive,2,10,28,1,0,2,NA,10,0,NA,0,NA
128,A incentive,3,10,28,1,0,1,10,NA,NA,0,0,0
128,A incentive,4,10,28,1,0,2,NA,11,4,NA,0,0
128,A incentive,5,10,28,1,0,1,7,NA,NA,1,0,4
128,A incentive,6,10,28,1,0,2,NA,0,0,NA,1,4
128,A incentive,7,10,28,1,0,1,9,NA,NA,0,1,0
128,A incentive,8,10,28,1,0,2,NA,0,1,NA,0,0
128,A incentive,9,10,28,1,0,1,7,NA,NA,0,0,1
128,A incentive,10,10,28,1,0,2,NA,5,3,NA,0,1
129,A incentive,1,11,29,1,0,2,NA,5,2,NA,NA,NA
129,A incentive,2,11,29,1,0,1,2,NA,NA,1,NA,2
129,A incentive,3,11,29,1,0,2,NA,1,3,NA,1,2
129,A incentive,4,11,29,1,0,1,1,NA,NA,0,1,3
129,A incentive,5,11,29,1,0,2,NA,0,3,NA,0,3
129,A incentive,6,11,29,1,0,1,0,NA,NA,1,0,3
129,A incentive,7,11,29,1,0,2,NA,0,3,NA,1,3
129,A incentive,8,11,29,1,0,1,1,NA,NA,0,1,3
129,A incentive,9,11,29,1,0,2,NA,0,5,NA,0,3
129,A incentive,10,11,29,1,0,1,0,NA,NA,0,0,5
130,A incentive,1,12,30,1,0,1,3,NA,NA,4,NA,NA
130,A incentive,2,12,30,1,0,2,NA,5,3,NA,4,NA
130,A incentive,3,12,30,1,0,1,5,NA,NA,4,4,3
130,A incentive,4,12,30,1,0,2,NA,3,1,NA,4,3
130,A incentive,5,12,30,1,0,1,1,NA,NA,0,4,1
130,A incentive,6,12,30,1,0,2,NA,10,10,NA,0,1
130,A incentive,7,12,30,1,0,1,2,NA,NA,0,0,10
130,A incentive,8,12,30,1,0,2,NA,0,0,NA,0,10
130,A incentive,9,12,30,1,0,1,0,NA,NA,2,0,0
130,A incentive,10,12,30,1,0,2,NA,0,2,NA,2,0
131,A incentive,1,13,31,1,0,2,NA,1,3,NA,NA,NA
131,A incentive,2,13,31,1,0,1,2,NA,NA,1,NA,3
131,A incentive,3,13,31,1,0,2,NA,3,5,NA,1,3
131,A incentive,4,13,31,1,0,1,4,NA,NA,0,1,5
131,A incentive,5,13,31,1,0,2,NA,0,2,NA,0,5
131,A incentive,6,13,31,1,0,1,3,NA,NA,0,0,2
131,A incentive,7,13,31,1,0,2,NA,1,6,NA,0,2
131,A incentive,8,13,31,1,0,1,5,NA,NA,1,0,6
131,A incentive,9,13,31,1,0,2,NA,0,6,NA,1,6
131,A incentive,10,13,31,1,0,1,3,NA,NA,5,1,6
132,A incentive,1,14,32,1,0,1,4,NA,NA,3,NA,NA
132,A incentive,2,14,32,1,0,2,NA,1,2,NA,3,NA
132,A incentive,3,14,32,1,0,1,5,NA,NA,3,3,2
132,A incentive,4,14,32,1,0,2,NA,0,1,NA,3,2
132,A incentive,5,14,32,1,0,1,3,NA,NA,0,3,1
132,A incentive,6,14,32,1,0,2,NA,0,0,NA,0,1
132,A incentive,7,14,32,1,0,1,3,NA,NA,0,0,0
132,A incentive,8,14,32,1,0,2,NA,1,4,NA,0,0
132,A incentive,9,14,32,1,0,1,4,NA,NA,3,0,4
132,A incentive,10,14,32,1,0,2,NA,0,0,NA,3,4
133,A incentive,1,15,33,1,0,2,NA,4,2,NA,NA,NA
133,A incentive,2,15,33,1,0,1,5,NA,NA,10,NA,2
133,A incentive,3,15,33,1,0,2,NA,3,0,NA,10,2
133,A incentive,4,15,33,1,0,1,9,NA,NA,0,10,0
133,A incentive,5,15,33,1,0,2,NA,11,3,NA,0,0
133,A incentive,6,15,33,1,0,1,10,NA,NA,10,0,3
133,A incentive,7,15,33,1,0,2,NA,3,2,NA,10,3
133,A incentive,8,15,33,1,0,1,10,NA,NA,10,10,2
133,A incentive,9,15,33,1,0,2,NA,0,0,NA,10,2
133,A incentive,10,15,33,1,0,1,10,NA,NA,0,10,0
134,A incentive,1,16,34,1,0,1,3,NA,NA,1,NA,NA
134,A incentive,2,16,34,1,0,2,NA,5,5,NA,1,NA
134,A incentive,3,16,34,1,0,1,3,NA,NA,1,1,5
134,A incentive,4,16,34,1,0,2,NA,0,0,NA,1,5
134,A incentive,5,16,34,1,0,1,5,NA,NA,0,1,0
134,A incentive,6,16,34,1,0,2,NA,1,1,NA,0,0
134,A incentive,7,16,34,1,0,1,2,NA,NA,2,0,1
134,A incentive,8,16,34,1,0,2,NA,0,0,NA,2,1
134,A incentive,9,16,34,1,0,1,5,NA,NA,0,2,0
134,A incentive,10,16,34,1,0,2,NA,0,0,NA,0,0
135,A incentive,1,17,35,1,0,2,NA,4,3,NA,NA,NA
135,A incentive,2,17,35,1,0,1,3,NA,NA,0,NA,3
135,A incentive,3,17,35,1,0,2,NA,0,10,NA,0,3
135,A incentive,4,17,35,1,0,1,1,NA,NA,0,0,10
135,A incentive,5,17,35,1,0,2,NA,1,7,NA,0,10
135,A incentive,6,17,35,1,0,1,0,NA,NA,0,0,7
135,A incentive,7,17,35,1,0,2,NA,2,2,NA,0,7
135,A incentive,8,17,35,1,0,1,0,NA,NA,0,0,2
135,A incentive,9,17,35,1,0,2,NA,2,0,NA,0,2
135,A incentive,10,17,35,1,0,1,0,NA,NA,0,0,0
136,A incentive,1,18,36,1,0,1,2,NA,NA,4,NA,NA
136,A incentive,2,18,36,1,0,2,NA,1,2,NA,4,NA
136,A incentive,3,18,36,1,0,1,2,NA,NA,0,4,2
136,A incentive,4,18,36,1,0,2,NA,0,1,NA,0,2
136,A incentive,5,18,36,1,0,1,3,NA,NA,0,0,1
136,A incentive,6,18,36,1,0,2,NA,0,0,NA,0,1
136,A incentive,7,18,36,1,0,1,2,NA,NA,3,0,0
136,A incentive,8,18,36,1,0,2,NA,2,5,NA,3,0
136,A incentive,9,18,36,1,0,1,2,NA,NA,1,3,5
136,A incentive,10,18,36,1,0,2,NA,0,0,NA,1,5
201,B incentive,1,1,1,0,1,2,NA,1,5,NA,NA,NA
201,B incentive,2,1,1,0,1,1,0,NA,NA,0,NA,5
201,B incentive,3,1,1,0,1,2,NA,0,0,NA,0,5
201,B incentive,4,1,1,0,1,1,2,NA,NA,7,0,0
201,B incentive,5,1,1,0,1,2,NA,0,0,NA,7,0
201,B incentive,6,1,1,0,1,1,4,NA,NA,2,7,0
201,B incentive,7,1,1,0,1,2,NA,2,3,NA,2,0
201,B incentive,8,1,1,0,1,1,1,NA,NA,0,2,3
201,B incentive,9,1,1,0,1,2,NA,1,0,NA,0,3
201,B incentive,10,1,1,0,1,1,4,NA,NA,2,0,0
202,B incentive,1,2,2,0,1,1,2,NA,NA,2,NA,NA
202,B incentive,2,2,2,0,1,2,NA,0,0,NA,2,NA
202,B incentive,3,2,2,0,1,1,1,NA,NA,1,2,0
202,B incentive,4,2,2,0,1,2,NA,9,3,NA,1,0
202,B incentive,5,2,2,0,1,1,1,NA,NA,0,1,3
202,B incentive,6,2,2,0,1,2,NA,3,5,NA,0,3
202,B incentive,7,2,2,0,1,1,1,NA,NA,1,0,5
202,B incentive,8,2,2,0,1,2,NA,5,0,NA,1,5
202,B incentive,9,2,2,0,1,1,0,NA,NA,1,1,0
202,B incentive,10,2,2,0,1,2,NA,1,1,NA,1,0
203,B incentive,1,3,3,0,1,2,NA,0,0,NA,NA,NA
203,B incentive,2,3,3,0,1,1,1,NA,NA,1,NA,0
203,B incentive,3,3,3,0,1,2,NA,1,6,NA,1,0
203,B incentive,4,3,3,0,1,1,1,NA,NA,4,1,6
203,B incentive,5,3,3,0,1,2,NA,2,3,NA,4,6
203,B incentive,6,3,3,0,1,1,2,NA,NA,0,4,3
203,B incentive,7,3,3,0,1,2,NA,1,1,NA,0,3
203,B incentive,8,3,3,0,1,1,0,NA,NA,5,0,1
203,B incentive,9,3,3,0,1,2,NA,1,3,NA,5,1
203,B incentive,10,3,3,0,1,1,1,NA,NA,0,5,3
204,B incentive,1,4,4,0,1,1,5,NA,NA,6,NA,NA
204,B incentive,2,4,4,0,1,2,NA,7,2,NA,6,NA
204,B incentive,3,4,4,0,1,1,6,NA,NA,4,6,2
204,B incentive,4,4,4,0,1,2,NA,3,3,NA,4,2
204,B incentive,5,4,4,0,1,1,2,NA,NA,2,4,3
204,B incentive,6,4,4,0,1,2,NA,4,1,NA,2,3
204,B incentive,7,4,4,0,1,1,2,NA,NA,5,2,1
204,B incentive,8,4,4,0,1,2,NA,3,0,NA,5,1
204,B incentive,9,4,4,0,1,1,7,NA,NA,0,5,0
204,B incentive,10,4,4,0,1,2,NA,2,4,NA,0,0
205,B incentive,1,5,5,0,1,2,NA,1,1,NA,NA,NA
205,B incentive,2,5,5,0,1,1,2,NA,NA,7,NA,1
205,B incentive,3,5,5,0,1,2,NA,1,1,NA,7,1
205,B incentive,4,5,5,0,1,1,3,NA,NA,3,7,1
205,B incentive,5,5,5,0,1,2,NA,0,6,NA,3,1
205,B incentive,6,5,5,0,1,1,4,NA,NA,0,3,6
205,B incentive,7,5,5,0,1,2,NA,0,3,NA,0,6
205,B incentive,8,5,5,0,1,1,2,NA,NA,3,0,3
205,B incentive,9,5,5,0,1,2,NA,0,6,NA,3,3
205,B incentive,10,5,5,0,1,1,1,NA,NA,0,3,6
206,B incentive,1,6,6,0,1,1,0,NA,NA,0,NA,NA
206,B incentive,2,6,6,0,1,2,NA,2,6,NA,0,NA
206,B incentive,3,6,6,0,1,1,3,NA,NA,1,0,6
206,B incentive,4,6,6,0,1,2,NA,7,2,NA,1,6
206,B incentive,5,6,6,0,1,1,3,NA,NA,2,1,2
206,B incentive,6,6,6,0,1,2,NA,1,3,NA,2,2
206,B incentive,7,6,6,0,1,1,3,NA,NA,2,2,3
206,B incentive,8,6,6,0,1,2,NA,10,1,NA,2,3
206,B incentive,9,6,6,0,1,1,3,NA,NA,1,2,1
206,B incentive,10,6,6,0,1,2,NA,0,0,NA,1,1
207,B incentive,1,7,7,0,1,2,NA,1,1,NA,NA,NA
207,B incentive,2,7,7,0,1,1,2,NA,NA,0,NA,1
207,B incentive,3,7,7,0,1,2,NA,3,3,NA,0,1
207,B incentive,4,7,7,0,1,1,1,NA,NA,3,0,3
207,B incentive,5,7,7,0,1,2,NA,2,2,NA,3,3
207,B incentive,6,7,7,0,1,1,1,NA,NA,4,3,2
207,B incentive,7,7,7,0,1,2,NA,1,1,NA,4,2
207,B incentive,8,7,7,0,1,1,2,NA,NA,3,4,1
207,B incentive,9,7,7,0,1,2,NA,0,0,NA,3,1
207,B incentive,10,7,7,0,1,1,1,NA,NA,1,3,0
208,B incentive,1,8,8,0,1,1,5,NA,NA,8,NA,NA
208,B incentive,2,8,8,0,1,2,NA,1,1,NA,8,NA
208,B incentive,3,8,8,0,1,1,6,NA,NA,1,8,1
208,B incentive,4,8,8,0,1,2,NA,6,3,NA,1,1
208,B incentive,5,8,8,0,1,1,5,NA,NA,1,1,3
208,B incentive,6,8,8,0,1,2,NA,1,3,NA,1,3
208,B incentive,7,8,8,0,1,1,6,NA,NA,8,1,3
208,B incentive,8,8,8,0,1,2,NA,0,1,NA,8,3
208,B incentive,9,8,8,0,1,1,6,NA,NA,0,8,1
208,B incentive,10,8,8,0,1,2,NA,0,1,NA,0,1
209,B incentive,1,9,9,0,1,2,NA,6,5,NA,NA,NA
209,B incentive,2,9,9,0,1,1,5,NA,NA,7,NA,5
209,B incentive,3,9,9,0,1,2,NA,0,5,NA,7,5
209,B incentive,4,9,9,0,1,1,6,NA,NA,0,7,5
209,B incentive,5,9,9,0,1,2,NA,1,5,NA,0,5
209,B incentive,6,9,9,0,1,1,3,NA,NA,1,0,5
209,B incentive,7,9,9,0,1,2,NA,0,2,NA,1,5
209,B incentive,8,9,9,0,1,1,8,NA,NA,0,1,2
209,B incentive,9,9,9,0,1,2,NA,0,7,NA,0,2
209,B incentive,10,9,9,0,1,1,0,NA,NA,0,0,7
210,B incentive,1,10,10,0,1,1,1,NA,NA,1,NA,NA
210,B incentive,2,10,10,0,1,2,NA,2,3,NA,1,NA
210,B incentive,3,10,10,0,1,1,1,NA,NA,1,1,3
210,B incentive,4,10,10,0,1,2,NA,0,6,NA,1,3
210,B incentive,5,10,10,0,1,1,2,NA,NA,2,1,6
210,B incentive,6,10,10,0,1,2,NA,0,2,NA,2,6
210,B incentive,7,10,10,0,1,1,1,NA,NA,1,2,2
210,B incentive,8,10,10,0,1,2,NA,0,0,NA,1,2
210,B incentive,9,10,10,0,1,1,1,NA,NA,0,1,0
210,B incentive,10,10,10,0,1,2,NA,0,0,NA,0,0
211,B incentive,1,11,11,0,1,2,NA,8,5,NA,NA,NA
211,B incentive,2,11,11,0,1,1,6,NA,NA,3,NA,5
211,B incentive,3,11,11,0,1,2,NA,4,6,NA,3,5
211,B incentive,4,11,11,0,1,1,6,NA,NA,5,3,6
211,B incentive,5,11,11,0,1,2,NA,0,1,NA,5,6
211,B incentive,6,11,11,0,1,1,6,NA,NA,0,5,1
211,B incentive,7,11,11,0,1,2,NA,8,6,NA,0,1
211,B incentive,8,11,11,0,1,1,6,NA,NA,0,0,6
211,B incentive,9,11,11,0,1,2,NA,2,4,NA,0,6
211,B incentive,10,11,11,0,1,1,4,NA,NA,4,0,4
212,B incentive,1,12,12,0,1,1,1,NA,NA,1,NA,NA
212,B incentive,2,12,12,0,1,2,NA,0,2,NA,1,NA
212,B incentive,3,12,12,0,1,1,4,NA,NA,6,1,2
212,B incentive,4,12,12,0,1,2,NA,4,1,NA,6,2
212,B incentive,5,12,12,0,1,1,0,NA,NA,0,6,1
212,B incentive,6,12,12,0,1,2,NA,2,4,NA,0,1
212,B incentive,7,12,12,0,1,1,2,NA,NA,0,0,4
212,B incentive,8,12,12,0,1,2,NA,3,2,NA,0,4
212,B incentive,9,12,12,0,1,1,3,NA,NA,4,0,2
212,B incentive,10,12,12,0,1,2,NA,4,4,NA,4,2
213,B incentive,1,13,13,0,1,2,NA,2,2,NA,NA,NA
213,B incentive,2,13,13,0,1,1,3,NA,NA,2,NA,2
213,B incentive,3,13,13,0,1,2,NA,1,3,NA,2,2
213,B incentive,4,13,13,0,1,1,5,NA,NA,1,2,3
213,B incentive,5,13,13,0,1,2,NA,2,2,NA,1,3
213,B incentive,6,13,13,0,1,1,3,NA,NA,1,1,2
213,B incentive,7,13,13,0,1,2,NA,0,0,NA,1,2
213,B incentive,8,13,13,0,1,1,0,NA,NA,3,1,0
213,B incentive,9,13,13,0,1,2,NA,4,3,NA,3,0
213,B incentive,10,13,13,0,1,1,2,NA,NA,3,3,3
214,B incentive,1,14,14,0,1,1,0,NA,NA,0,NA,NA
214,B incentive,2,14,14,0,1,2,NA,3,6,NA,0,NA
214,B incentive,3,14,14,0,1,1,3,NA,NA,3,0,6
214,B incentive,4,14,14,0,1,2,NA,5,6,NA,3,6
214,B incentive,5,14,14,0,1,1,6,NA,NA,0,3,6
214,B incentive,6,14,14,0,1,2,NA,0,6,NA,0,6
214,B incentive,7,14,14,0,1,1,3,NA,NA,0,0,6
214,B incentive,8,14,14,0,1,2,NA,0,8,NA,0,6
214,B incentive,9,14,14,0,1,1,1,NA,NA,4,0,8
214,B incentive,10,14,14,0,1,2,NA,0,1,NA,4,8
215,B incentive,1,15,15,0,1,2,NA,0,0,NA,NA,NA
215,B incentive,2,15,15,0,1,1,0,NA,NA,1,NA,0
215,B incentive,3,15,15,0,1,2,NA,1,1,NA,1,0
215,B incentive,4,15,15,0,1,1,3,NA,NA,9,1,1
215,B incentive,5,15,15,0,1,2,NA,5,4,NA,9,1
215,B incentive,6,15,15,0,1,1,5,NA,NA,3,9,4
215,B incentive,7,15,15,0,1,2,NA,3,6,NA,3,4
215,B incentive,8,15,15,0,1,1,1,NA,NA,10,3,6
215,B incentive,9,15,15,0,1,2,NA,0,1,NA,10,6
215,B incentive,10,15,15,0,1,1,2,NA,NA,1,10,1
216,B incentive,1,16,16,0,1,1,4,NA,NA,4,NA,NA
216,B incentive,2,16,16,0,1,2,NA,7,5,NA,4,NA
216,B incentive,3,16,16,0,1,1,5,NA,NA,0,4,5
216,B incentive,4,16,16,0,1,2,NA,3,1,NA,0,5
216,B incentive,5,16,16,0,1,1,4,NA,NA,5,0,1
216,B incentive,6,16,16,0,1,2,NA,4,3,NA,5,1
216,B incentive,7,16,16,0,1,1,6,NA,NA,3,5,3
216,B incentive,8,16,16,0,1,2,NA,3,2,NA,3,3
216,B incentive,9,16,16,0,1,1,4,NA,NA,2,3,2
216,B incentive,10,16,16,0,1,2,NA,3,2,NA,2,2
217,B incentive,1,17,17,0,1,2,NA,4,4,NA,NA,NA
217,B incentive,2,17,17,0,1,1,6,NA,NA,2,NA,4
217,B incentive,3,17,17,0,1,2,NA,6,4,NA,2,4
217,B incentive,4,17,17,0,1,1,3,NA,NA,6,2,4
217,B incentive,5,17,17,0,1,2,NA,0,0,NA,6,4
217,B incentive,6,17,17,0,1,1,3,NA,NA,4,6,0
217,B incentive,7,17,17,0,1,2,NA,5,2,NA,4,0
217,B incentive,8,17,17,0,1,1,0,NA,NA,0,4,2
217,B incentive,9,17,17,0,1,2,NA,4,1,NA,0,2
217,B incentive,10,17,17,0,1,1,0,NA,NA,0,0,1
218,B incentive,1,18,18,0,1,1,5,NA,NA,1,NA,NA
218,B incentive,2,18,18,0,1,2,NA,1,0,NA,1,NA
218,B incentive,3,18,18,0,1,1,0,NA,NA,0,1,0
218,B incentive,4,18,18,0,1,2,NA,1,5,NA,0,0
218,B incentive,5,18,18,0,1,1,0,NA,NA,0,0,5
218,B incentive,6,18,18,0,1,2,NA,0,4,NA,0,5
218,B incentive,7,18,18,0,1,1,0,NA,NA,0,0,4
218,B incentive,8,18,18,0,1,2,NA,0,6,NA,0,4
218,B incentive,9,18,18,0,1,1,0,NA,NA,0,0,6
218,B incentive,10,18,18,0,1,2,NA,1,2,NA,0,6
219,B incentive,1,1,19,1,0,2,NA,0,7,NA,NA,NA
219,B incentive,2,1,19,1,0,1,7,NA,NA,0,NA,7
219,B incentive,3,1,19,1,0,2,NA,0,5,NA,0,7
219,B incentive,4,1,19,1,0,1,0,NA,NA,0,0,5
219,B incentive,5,1,19,1,0,2,NA,0,2,NA,0,5
219,B incentive,6,1,19,1,0,1,0,NA,NA,1,0,2
219,B incentive,7,1,19,1,0,2,NA,0,3,NA,1,2
219,B incentive,8,1,19,1,0,1,0,NA,NA,0,1,3
219,B incentive,9,1,19,1,0,2,NA,0,0,NA,0,3
219,B incentive,10,1,19,1,0,1,0,NA,NA,0,0,0
220,B incentive,1,2,20,1,0,1,6,NA,NA,4,NA,NA
220,B incentive,2,2,20,1,0,2,NA,4,5,NA,4,NA
220,B incentive,3,2,20,1,0,1,5,NA,NA,0,4,5
220,B incentive,4,2,20,1,0,2,NA,2,3,NA,0,5
220,B incentive,5,2,20,1,0,1,2,NA,NA,0,0,3
220,B incentive,6,2,20,1,0,2,NA,3,5,NA,0,3
220,B incentive,7,2,20,1,0,1,3,NA,NA,3,0,5
220,B incentive,8,2,20,1,0,2,NA,1,3,NA,3,5
220,B incentive,9,2,20,1,0,1,2,NA,NA,0,3,3
220,B incentive,10,2,20,1,0,2,NA,0,0,NA,0,3
221,B incentive,1,3,21,1,0,2,NA,0,1,NA,NA,NA
221,B incentive,2,3,21,1,0,1,5,NA,NA,1,NA,1
221,B incentive,3,3,21,1,0,2,NA,0,0,NA,1,1
221,B incentive,4,3,21,1,0,1,4,NA,NA,5,1,0
221,B incentive,5,3,21,1,0,2,NA,5,3,NA,5,0
221,B incentive,6,3,21,1,0,1,7,NA,NA,4,5,3
221,B incentive,7,3,21,1,0,2,NA,0,0,NA,4,3
221,B incentive,8,3,21,1,0,1,3,NA,NA,1,4,0
221,B incentive,9,3,21,1,0,2,NA,0,2,NA,1,0
221,B incentive,10,3,21,1,0,1,1,NA,NA,1,1,2
222,B incentive,1,4,22,1,0,1,1,NA,NA,0,NA,NA
222,B incentive,2,4,22,1,0,2,NA,0,7,NA,0,NA
222,B incentive,3,4,22,1,0,1,0,NA,NA,0,0,7
222,B incentive,4,4,22,1,0,2,NA,3,2,NA,0,7
222,B incentive,5,4,22,1,0,1,3,NA,NA,5,0,2
222,B incentive,6,4,22,1,0,2,NA,1,4,NA,5,2
222,B incentive,7,4,22,1,0,1,2,NA,NA,0,5,4
222,B incentive,8,4,22,1,0,2,NA,0,0,NA,0,4
222,B incentive,9,4,22,1,0,1,3,NA,NA,1,0,0
222,B incentive,10,4,22,1,0,2,NA,0,0,NA,1,0
223,B incentive,1,5,23,1,0,2,NA,3,3,NA,NA,NA
223,B incentive,2,5,23,1,0,1,5,NA,NA,3,NA,3
223,B incentive,3,5,23,1,0,2,NA,0,2,NA,3,3
223,B incentive,4,5,23,1,0,1,3,NA,NA,5,3,2
223,B incentive,5,5,23,1,0,2,NA,7,5,NA,5,2
223,B incentive,6,5,23,1,0,1,7,NA,NA,1,5,5
223,B incentive,7,5,23,1,0,2,NA,0,4,NA,1,5
223,B incentive,8,5,23,1,0,1,2,NA,NA,3,1,4
223,B incentive,9,5,23,1,0,2,NA,0,2,NA,3,4
223,B incentive,10,5,23,1,0,1,2,NA,NA,0,3,2
224,B incentive,1,6,24,1,0,1,1,NA,NA,1,NA,NA
224,B incentive,2,6,24,1,0,2,NA,1,5,NA,1,NA
224,B incentive,3,6,24,1,0,1,1,NA,NA,2,1,5
224,B incentive,4,6,24,1,0,2,NA,1,5,NA,2,5
224,B incentive,5,6,24,1,0,1,2,NA,NA,1,2,5
224,B incentive,6,6,24,1,0,2,NA,1,0,NA,1,5
224,B incentive,7,6,24,1,0,1,0,NA,NA,0,1,0
224,B incentive,8,6,24,1,0,2,NA,0,1,NA,0,0
224,B incentive,9,6,24,1,0,1,0,NA,NA,0,0,1
224,B incentive,10,6,24,1,0,2,NA,0,2,NA,0,1
225,B incentive,1,7,25,1,0,2,NA,6,7,NA,NA,NA
225,B incentive,2,7,25,1,0,1,4,NA,NA,3,NA,7
225,B incentive,3,7,25,1,0,2,NA,9,1,NA,3,7
225,B incentive,4,7,25,1,0,1,2,NA,NA,2,3,1
225,B incentive,5,7,25,1,0,2,NA,5,4,NA,2,1
225,B incentive,6,7,25,1,0,1,7,NA,NA,1,2,4
225,B incentive,7,7,25,1,0,2,NA,8,3,NA,1,4
225,B incentive,8,7,25,1,0,1,1,NA,NA,0,1,3
225,B incentive,9,7,25,1,0,2,NA,11,2,NA,0,3
225,B incentive,10,7,25,1,0,1,0,NA,NA,0,0,2
226,B incentive,1,8,26,1,0,1,7,NA,NA,6,NA,NA
226,B incentive,2,8,26,1,0,2,NA,8,2,NA,6,NA
226,B incentive,3,8,26,1,0,1,6,NA,NA,1,6,2
226,B incentive,4,8,26,1,0,2,NA,2,2,NA,1,2
226,B incentive,5,8,26,1,0,1,1,NA,NA,1,1,2
226,B incentive,6,8,26,1,0,2,NA,5,6,NA,1,2
226,B incentive,7,8,26,1,0,1,3,NA,NA,8,1,6
226,B incentive,8,8,26,1,0,2,NA,3,2,NA,8,6
226,B incentive,9,8,26,1,0,1,4,NA,NA,2,8,2
226,B incentive,10,8,26,1,0,2,NA,0,0,NA,2,2
227,B incentive,1,9,27,1,0,2,NA,2,2,NA,NA,NA
227,B incentive,2,9,27,1,0,1,2,NA,NA,2,NA,2
227,B incentive,3,9,27,1,0,2,NA,4,4,NA,2,2
227,B incentive,4,9,27,1,0,1,2,NA,NA,2,2,4
227,B incentive,5,9,27,1,0,2,NA,1,1,NA,2,4
227,B incentive,6,9,27,1,0,1,3,NA,NA,3,2,1
227,B incentive,7,9,27,1,0,2,NA,0,2,NA,3,1
227,B incentive,8,9,27,1,0,1,1,NA,NA,3,3,2
227,B incentive,9,9,27,1,0,2,NA,2,4,NA,3,2
227,B incentive,10,9,27,1,0,1,0,NA,NA,0,3,4
228,B incentive,1,10,28,1,0,1,2,NA,NA,10,NA,NA
228,B incentive,2,10,28,1,0,2,NA,3,4,NA,10,NA
228,B incentive,3,10,28,1,0,1,1,NA,NA,9,10,4
228,B incentive,4,10,28,1,0,2,NA,5,4,NA,9,4
228,B incentive,5,10,28,1,0,1,4,NA,NA,5,9,4
228,B incentive,6,10,28,1,0,2,NA,3,3,NA,5,4
228,B incentive,7,10,28,1,0,1,4,NA,NA,0,5,3
228,B incentive,8,10,28,1,0,2,NA,3,1,NA,0,3
228,B incentive,9,10,28,1,0,1,0,NA,NA,0,0,1
228,B incentive,10,10,28,1,0,2,NA,2,0,NA,0,1
229,B incentive,1,11,29,1,0,2,NA,1,1,NA,NA,NA
229,B incentive,2,11,29,1,0,1,3,NA,NA,7,NA,1
229,B incentive,3,11,29,1,0,2,NA,1,1,NA,7,1
229,B incentive,4,11,29,1,0,1,3,NA,NA,2,7,1
229,B incentive,5,11,29,1,0,2,NA,4,9,NA,2,1
229,B incentive,6,11,29,1,0,1,5,NA,NA,3,2,9
229,B incentive,7,11,29,1,0,2,NA,3,3,NA,3,9
229,B incentive,8,11,29,1,0,1,5,NA,NA,5,3,3
229,B incentive,9,11,29,1,0,2,NA,2,10,NA,5,3
229,B incentive,10,11,29,1,0,1,5,NA,NA,1,5,10
230,B incentive,1,12,30,1,0,1,7,NA,NA,0,NA,NA
230,B incentive,2,12,30,1,0,2,NA,2,8,NA,0,NA
230,B incentive,3,12,30,1,0,1,2,NA,NA,0,0,8
230,B incentive,4,12,30,1,0,2,NA,0,0,NA,0,8
230,B incentive,5,12,30,1,0,1,3,NA,NA,2,0,0
230,B incentive,6,12,30,1,0,2,NA,1,7,NA,2,0
230,B incentive,7,12,30,1,0,1,4,NA,NA,0,2,7
230,B incentive,8,12,30,1,0,2,NA,1,2,NA,0,7
230,B incentive,9,12,30,1,0,1,2,NA,NA,11,0,2
230,B incentive,10,12,30,1,0,2,NA,2,1,NA,11,2
231,B incentive,1,13,31,1,0,2,NA,1,1,NA,NA,NA
231,B incentive,2,13,31,1,0,1,2,NA,NA,8,NA,1
231,B incentive,3,13,31,1,0,2,NA,1,6,NA,8,1
231,B incentive,4,13,31,1,0,1,1,NA,NA,1,8,6
231,B incentive,5,13,31,1,0,2,NA,1,2,NA,1,6
231,B incentive,6,13,31,1,0,1,3,NA,NA,4,1,2
231,B incentive,7,13,31,1,0,2,NA,1,6,NA,4,2
231,B incentive,8,13,31,1,0,1,3,NA,NA,3,4,6
231,B incentive,9,13,31,1,0,2,NA,0,2,NA,3,6
231,B incentive,10,13,31,1,0,1,0,NA,NA,0,3,2
232,B incentive,1,14,32,1,0,1,1,NA,NA,1,NA,NA
232,B incentive,2,14,32,1,0,2,NA,2,2,NA,1,NA
232,B incentive,3,14,32,1,0,1,1,NA,NA,1,1,2
232,B incentive,4,14,32,1,0,2,NA,1,1,NA,1,2
232,B incentive,5,14,32,1,0,1,2,NA,NA,4,1,1
232,B incentive,6,14,32,1,0,2,NA,4,7,NA,4,1
232,B incentive,7,14,32,1,0,1,3,NA,NA,0,4,7
232,B incentive,8,14,32,1,0,2,NA,2,7,NA,0,7
232,B incentive,9,14,32,1,0,1,2,NA,NA,0,0,7
232,B incentive,10,14,32,1,0,2,NA,1,1,NA,0,7
233,B incentive,1,15,33,1,0,2,NA,10,2,NA,NA,NA
233,B incentive,2,15,33,1,0,1,8,NA,NA,2,NA,2
233,B incentive,3,15,33,1,0,2,NA,12,4,NA,2,2
233,B incentive,4,15,33,1,0,1,5,NA,NA,1,2,4
233,B incentive,5,15,33,1,0,2,NA,2,3,NA,1,4
233,B incentive,6,15,33,1,0,1,6,NA,NA,5,1,3
233,B incentive,7,15,33,1,0,2,NA,0,4,NA,5,3
233,B incentive,8,15,33,1,0,1,7,NA,NA,2,5,4
233,B incentive,9,15,33,1,0,2,NA,1,3,NA,2,4
233,B incentive,10,15,33,1,0,1,0,NA,NA,2,2,3
234,B incentive,1,16,34,1,0,1,2,NA,NA,2,NA,NA
234,B incentive,2,16,34,1,0,2,NA,3,5,NA,2,NA
234,B incentive,3,16,34,1,0,1,4,NA,NA,12,2,5
234,B incentive,4,16,34,1,0,2,NA,5,3,NA,12,5
234,B incentive,5,16,34,1,0,1,9,NA,NA,4,12,3
234,B incentive,6,16,34,1,0,2,NA,1,7,NA,4,3
234,B incentive,7,16,34,1,0,1,5,NA,NA,1,4,7
234,B incentive,8,16,34,1,0,2,NA,3,3,NA,1,7
234,B incentive,9,16,34,1,0,1,10,NA,NA,2,1,3
234,B incentive,10,16,34,1,0,2,NA,1,5,NA,2,3
235,B incentive,1,17,35,1,0,2,NA,4,6,NA,NA,NA
235,B incentive,2,17,35,1,0,1,5,NA,NA,4,NA,6
235,B incentive,3,17,35,1,0,2,NA,2,1,NA,4,6
235,B incentive,4,17,35,1,0,1,2,NA,NA,3,4,1
235,B incentive,5,17,35,1,0,2,NA,4,2,NA,3,1
235,B incentive,6,17,35,1,0,1,4,NA,NA,1,3,2
235,B incentive,7,17,35,1,0,2,NA,1,5,NA,1,2
235,B incentive,8,17,35,1,0,1,2,NA,NA,1,1,5
235,B incentive,9,17,35,1,0,2,NA,0,0,NA,1,5
235,B incentive,10,17,35,1,0,1,1,NA,NA,2,1,0
236,B incentive,1,18,36,1,0,1,3,NA,NA,3,NA,NA
236,B incentive,2,18,36,1,0,2,NA,7,3,NA,3,NA
236,B incentive,3,18,36,1,0,1,4,NA,NA,4,3,3
236,B incentive,4,18,36,1,0,2,NA,2,2,NA,4,3
236,B incentive,5,18,36,1,0,1,5,NA,NA,7,4,2
236,B incentive,6,18,36,1,0,2,NA,4,3,NA,7,2
236,B incentive,7,18,36,1,0,1,6,NA,NA,1,7,3
236,B incentive,8,18,36,1,0,2,NA,5,5,NA,1,3
236,B incentive,9,18,36,1,0,1,2,NA,NA,0,1,5
236,B incentive,10,18,36,1,0,2,NA,0,0,NA,0,5
301,Fixed inc.,1,1,1,0,1,2,NA,1,4,NA,NA,NA
301,Fixed inc.,2,1,1,0,1,1,6,NA,NA,2,NA,4
301,Fixed inc.,3,1,1,0,1,2,NA,5,5,NA,2,4
301,Fixed inc.,4,1,1,0,1,1,8,NA,NA,6,2,5
301,Fixed inc.,5,1,1,0,1,2,NA,0,3,NA,6,5
301,Fixed inc.,6,1,1,0,1,1,6,NA,NA,0,6,3
301,Fixed inc.,7,1,1,0,1,2,NA,0,10,NA,0,3
301,Fixed inc.,8,1,1,0,1,1,5,NA,NA,5,0,10
301,Fixed inc.,9,1,1,0,1,2,NA,0,1,NA,5,10
301,Fixed inc.,10,1,1,0,1,1,5,NA,NA,7,5,1
302,Fixed inc.,1,2,2,0,1,1,10,NA,NA,0,NA,NA
302,Fixed inc.,2,2,2,0,1,2,NA,0,2,NA,0,NA
302,Fixed inc.,3,2,2,0,1,1,5,NA,NA,5,0,2
302,Fixed inc.,4,2,2,0,1,2,NA,8,6,NA,5,2
302,Fixed inc.,5,2,2,0,1,1,8,NA,NA,8,5,6
302,Fixed inc.,6,2,2,0,1,2,NA,1,1,NA,8,6
302,Fixed inc.,7,2,2,0,1,1,10,NA,NA,0,8,1
302,Fixed inc.,8,2,2,0,1,2,NA,2,4,NA,0,1
302,Fixed inc.,9,2,2,0,1,1,6,NA,NA,2,0,4
302,Fixed inc.,10,2,2,0,1,2,NA,7,5,NA,2,4
303,Fixed inc.,1,3,3,0,1,2,NA,4,3,NA,NA,NA
303,Fixed inc.,2,3,3,0,1,1,2,NA,NA,2,NA,3
303,Fixed inc.,3,3,3,0,1,2,NA,0,0,NA,2,3
303,Fixed inc.,4,3,3,0,1,1,1,NA,NA,0,2,0
303,Fixed inc.,5,3,3,0,1,2,NA,5,1,NA,0,0
303,Fixed inc.,6,3,3,0,1,1,0,NA,NA,2,0,1
303,Fixed inc.,7,3,3,0,1,2,NA,4,1,NA,2,1
303,Fixed inc.,8,3,3,0,1,1,0,NA,NA,0,2,1
303,Fixed inc.,9,3,3,0,1,2,NA,1,2,NA,0,1
303,Fixed inc.,10,3,3,0,1,1,1,NA,NA,0,0,2
304,Fixed inc.,1,4,4,0,1,1,4,NA,NA,5,NA,NA
304,Fixed inc.,2,4,4,0,1,2,NA,3,2,NA,5,NA
304,Fixed inc.,3,4,4,0,1,1,5,NA,NA,5,5,2
304,Fixed inc.,4,4,4,0,1,2,NA,6,8,NA,5,2
304,Fixed inc.,5,4,4,0,1,1,3,NA,NA,0,5,8
304,Fixed inc.,6,4,4,0,1,2,NA,2,1,NA,0,8
304,Fixed inc.,7,4,4,0,1,1,10,NA,NA,2,0,1
304,Fixed inc.,8,4,4,0,1,2,NA,0,0,NA,2,1
304,Fixed inc.,9,4,4,0,1,1,2,NA,NA,1,2,0
304,Fixed inc.,10,4,4,0,1,2,NA,1,3,NA,1,0
305,Fixed inc.,1,5,5,0,1,2,NA,5,4,NA,NA,NA
305,Fixed inc.,2,5,5,0,1,1,6,NA,NA,5,NA,4
305,Fixed inc.,3,5,5,0,1,2,NA,2,0,NA,5,4
305,Fixed inc.,4,5,5,0,1,1,1,NA,NA,0,5,0
305,Fixed inc.,5,5,5,0,1,2,NA,2,5,NA,0,0
305,Fixed inc.,6,5,5,0,1,1,1,NA,NA,1,0,5
305,Fixed inc.,7,5,5,0,1,2,NA,0,1,NA,1,5
305,Fixed inc.,8,5,5,0,1,1,4,NA,NA,2,1,1
305,Fixed inc.,9,5,5,0,1,2,NA,2,6,NA,2,1
305,Fixed inc.,10,5,5,0,1,1,3,NA,NA,1,2,6
306,Fixed inc.,1,6,6,0,1,1,6,NA,NA,8,NA,NA
306,Fixed inc.,2,6,6,0,1,2,NA,5,5,NA,8,NA
306,Fixed inc.,3,6,6,0,1,1,3,NA,NA,1,8,5
306,Fixed inc.,4,6,6,0,1,2,NA,5,10,NA,1,5
306,Fixed inc.,5,6,6,0,1,1,3,NA,NA,0,1,10
306,Fixed inc.,6,6,6,0,1,2,NA,0,6,NA,0,10
306,Fixed inc.,7,6,6,0,1,1,1,NA,NA,0,0,6
306,Fixed inc.,8,6,6,0,1,2,NA,0,5,NA,0,6
306,Fixed inc.,9,6,6,0,1,1,5,NA,NA,1,0,5
306,Fixed inc.,10,6,6,0,1,2,NA,0,0,NA,1,5
307,Fixed inc.,1,7,7,0,1,2,NA,1,1,NA,NA,NA
307,Fixed inc.,2,7,7,0,1,1,2,NA,NA,3,NA,1
307,Fixed inc.,3,7,7,0,1,2,NA,1,3,NA,3,1
307,Fixed inc.,4,7,7,0,1,1,2,NA,NA,0,3,3
307,Fixed inc.,5,7,7,0,1,2,NA,0,3,NA,0,3
307,Fixed inc.,6,7,7,0,1,1,0,NA,NA,1,0,3
307,Fixed inc.,7,7,7,0,1,2,NA,0,2,NA,1,3
307,Fixed inc.,8,7,7,0,1,1,1,NA,NA,2,1,2
307,Fixed inc.,9,7,7,0,1,2,NA,1,5,NA,2,2
307,Fixed inc.,10,7,7,0,1,1,2,NA,NA,0,2,5
308,Fixed inc.,1,8,8,0,1,1,4,NA,NA,1,NA,NA
308,Fixed inc.,2,8,8,0,1,2,NA,2,2,NA,1,NA
308,Fixed inc.,3,8,8,0,1,1,1,NA,NA,1,1,2
308,Fixed inc.,4,8,8,0,1,2,NA,2,1,NA,1,2
308,Fixed inc.,5,8,8,0,1,1,5,NA,NA,2,1,1
308,Fixed inc.,6,8,8,0,1,2,NA,2,3,NA,2,1
308,Fixed inc.,7,8,8,0,1,1,3,NA,NA,1,2,3
308,Fixed inc.,8,8,8,0,1,2,NA,2,1,NA,1,3
308,Fixed inc.,9,8,8,0,1,1,1,NA,NA,0,1,1
308,Fixed inc.,10,8,8,0,1,2,NA,0,1,NA,0,1
309,Fixed inc.,1,9,9,0,1,2,NA,4,5,NA,NA,NA
309,Fixed inc.,2,9,9,0,1,1,4,NA,NA,1,NA,5
309,Fixed inc.,3,9,9,0,1,2,NA,2,3,NA,1,5
309,Fixed inc.,4,9,9,0,1,1,3,NA,NA,5,1,3
309,Fixed inc.,5,9,9,0,1,2,NA,0,0,NA,5,3
309,Fixed inc.,6,9,9,0,1,1,1,NA,NA,2,5,0
309,Fixed inc.,7,9,9,0,1,2,NA,2,3,NA,2,0
309,Fixed inc.,8,9,9,0,1,1,2,NA,NA,5,2,3
309,Fixed inc.,9,9,9,0,1,2,NA,1,3,NA,5,3
309,Fixed inc.,10,9,9,0,1,1,4,NA,NA,2,5,3
310,Fixed inc.,1,10,10,0,1,1,3,NA,NA,4,NA,NA
310,Fixed inc.,2,10,10,0,1,2,NA,7,3,NA,4,NA
310,Fixed inc.,3,10,10,0,1,1,3,NA,NA,1,4,3
310,Fixed inc.,4,10,10,0,1,2,NA,5,3,NA,1,3
310,Fixed inc.,5,10,10,0,1,1,2,NA,NA,3,1,3
310,Fixed inc.,6,10,10,0,1,2,NA,1,0,NA,3,3
310,Fixed inc.,7,10,10,0,1,1,1,NA,NA,0,3,0
310,Fixed inc.,8,10,10,0,1,2,NA,2,4,NA,0,0
310,Fixed inc.,9,10,10,0,1,1,1,NA,NA,0,0,4
310,Fixed inc.,10,10,10,0,1,2,NA,1,3,NA,0,4
311,Fixed inc.,1,11,11,0,1,2,NA,1,1,NA,NA,NA
311,Fixed inc.,2,11,11,0,1,1,2,NA,NA,0,NA,1
311,Fixed inc.,3,11,11,0,1,2,NA,1,1,NA,0,1
311,Fixed inc.,4,11,11,0,1,1,0,NA,NA,0,0,1
311,Fixed inc.,5,11,11,0,1,2,NA,3,2,NA,0,1
311,Fixed inc.,6,11,11,0,1,1,3,NA,NA,2,0,2
311,Fixed inc.,7,11,11,0,1,2,NA,0,0,NA,2,2
311,Fixed inc.,8,11,11,0,1,1,2,NA,NA,10,2,0
311,Fixed inc.,9,11,11,0,1,2,NA,2,2,NA,10,0
311,Fixed inc.,10,11,11,0,1,1,2,NA,NA,2,10,2
312,Fixed inc.,1,12,12,0,1,1,1,NA,NA,1,NA,NA
312,Fixed inc.,2,12,12,0,1,2,NA,2,2,NA,1,NA
312,Fixed inc.,3,12,12,0,1,1,3,NA,NA,0,1,2
312,Fixed inc.,4,12,12,0,1,2,NA,0,2,NA,0,2
312,Fixed inc.,5,12,12,0,1,1,0,NA,NA,0,0,2
312,Fixed inc.,6,12,12,0,1,2,NA,2,0,NA,0,2
312,Fixed inc.,7,12,12,0,1,1,3,NA,NA,2,0,0
312,Fixed inc.,8,12,12,0,1,2,NA,1,0,NA,2,0
312,Fixed inc.,9,12,12,0,1,1,0,NA,NA,0,2,0
312,Fixed inc.,10,12,12,0,1,2,NA,2,4,NA,0,0
313,Fixed inc.,1,13,13,0,1,2,NA,2,1,NA,NA,NA
313,Fixed inc.,2,13,13,0,1,1,2,NA,NA,2,NA,1
313,Fixed inc.,3,13,13,0,1,2,NA,1,3,NA,2,1
313,Fixed inc.,4,13,13,0,1,1,1,NA,NA,2,2,3
313,Fixed inc.,5,13,13,0,1,2,NA,1,2,NA,2,3
313,Fixed inc.,6,13,13,0,1,1,1,NA,NA,0,2,2
313,Fixed inc.,7,13,13,0,1,2,NA,1,3,NA,0,2
313,Fixed inc.,8,13,13,0,1,1,0,NA,NA,1,0,3
313,Fixed inc.,9,13,13,0,1,2,NA,1,2,NA,1,3
313,Fixed inc.,10,13,13,0,1,1,1,NA,NA,1,1,2
314,Fixed inc.,1,14,14,0,1,1,1,NA,NA,2,NA,NA
314,Fixed inc.,2,14,14,0,1,2,NA,2,6,NA,2,NA
314,Fixed inc.,3,14,14,0,1,1,0,NA,NA,2,2,6
314,Fixed inc.,4,14,14,0,1,2,NA,0,1,NA,2,6
314,Fixed inc.,5,14,14,0,1,1,1,NA,NA,5,2,1
314,Fixed inc.,6,14,14,0,1,2,NA,1,0,NA,5,1
314,Fixed inc.,7,14,14,0,1,1,2,NA,NA,0,5,0
314,Fixed inc.,8,14,14,0,1,2,NA,5,5,NA,0,0
314,Fixed inc.,9,14,14,0,1,1,2,NA,NA,2,0,5
314,Fixed inc.,10,14,14,0,1,2,NA,0,2,NA,2,5
315,Fixed inc.,1,15,15,0,1,2,NA,0,10,NA,NA,NA
315,Fixed inc.,2,15,15,0,1,1,3,NA,NA,7,NA,10
315,Fixed inc.,3,15,15,0,1,2,NA,0,3,NA,7,10
315,Fixed inc.,4,15,15,0,1,1,10,NA,NA,5,7,3
315,Fixed inc.,5,15,15,0,1,2,NA,0,9,NA,5,3
315,Fixed inc.,6,15,15,0,1,1,0,NA,NA,1,5,9
315,Fixed inc.,7,15,15,0,1,2,NA,0,1,NA,1,9
315,Fixed inc.,8,15,15,0,1,1,5,NA,NA,0,1,1
315,Fixed inc.,9,15,15,0,1,2,NA,0,0,NA,0,1
315,Fixed inc.,10,15,15,0,1,1,0,NA,NA,0,0,0
316,Fixed inc.,1,16,16,0,1,1,5,NA,NA,4,NA,NA
316,Fixed inc.,2,16,16,0,1,2,NA,5,6,NA,4,NA
316,Fixed inc.,3,16,16,0,1,1,3,NA,NA,2,4,6
316,Fixed inc.,4,16,16,0,1,2,NA,0,1,NA,2,6
316,Fixed inc.,5,16,16,0,1,1,9,NA,NA,0,2,1
316,Fixed inc.,6,16,16,0,1,2,NA,0,8,NA,0,1
316,Fixed inc.,7,16,16,0,1,1,0,NA,NA,0,0,8
316,Fixed inc.,8,16,16,0,1,2,NA,5,2,NA,0,8
316,Fixed inc.,9,16,16,0,1,1,2,NA,NA,1,0,2
316,Fixed inc.,10,16,16,0,1,2,NA,1,1,NA,1,2
317,Fixed inc.,1,17,17,0,1,2,NA,8,6,NA,NA,NA
317,Fixed inc.,2,17,17,0,1,1,5,NA,NA,5,NA,6
317,Fixed inc.,3,17,17,0,1,2,NA,5,5,NA,5,6
317,Fixed inc.,4,17,17,0,1,1,6,NA,NA,8,5,5
317,Fixed inc.,5,17,17,0,1,2,NA,8,8,NA,8,5
317,Fixed inc.,6,17,17,0,1,1,8,NA,NA,0,8,8
317,Fixed inc.,7,17,17,0,1,2,NA,2,10,NA,0,8
317,Fixed inc.,8,17,17,0,1,1,4,NA,NA,2,0,10
317,Fixed inc.,9,17,17,0,1,2,NA,0,1,NA,2,10
317,Fixed inc.,10,17,17,0,1,1,3,NA,NA,1,2,1
318,Fixed inc.,1,18,18,0,1,1,1,NA,NA,1,NA,NA
318,Fixed inc.,2,18,18,0,1,2,NA,1,4,NA,1,NA
318,Fixed inc.,3,18,18,0,1,1,0,NA,NA,0,1,4
318,Fixed inc.,4,18,18,0,1,2,NA,0,0,NA,0,4
318,Fixed inc.,5,18,18,0,1,1,2,NA,NA,1,0,0
318,Fixed inc.,6,18,18,0,1,2,NA,0,1,NA,1,0
318,Fixed inc.,7,18,18,0,1,1,1,NA,NA,4,1,1
318,Fixed inc.,8,18,18,0,1,2,NA,10,2,NA,4,1
318,Fixed inc.,9,18,18,0,1,1,3,NA,NA,1,4,2
318,Fixed inc.,10,18,18,0,1,2,NA,2,2,NA,1,2
319,Fixed inc.,1,1,19,1,0,2,NA,10,3,NA,NA,NA
319,Fixed inc.,2,1,19,1,0,1,2,NA,NA,2,NA,3
319,Fixed inc.,3,1,19,1,0,2,NA,2,4,NA,2,3
319,Fixed inc.,4,1,19,1,0,1,5,NA,NA,2,2,4
319,Fixed inc.,5,1,19,1,0,2,NA,0,0,NA,2,4
319,Fixed inc.,6,1,19,1,0,1,10,NA,NA,2,2,0
319,Fixed inc.,7,1,19,1,0,2,NA,1,5,NA,2,0
319,Fixed inc.,8,1,19,1,0,1,5,NA,NA,2,2,5
319,Fixed inc.,9,1,19,1,0,2,NA,0,4,NA,2,5
319,Fixed inc.,10,1,19,1,0,1,0,NA,NA,0,2,4
320,Fixed inc.,1,2,20,1,0,1,7,NA,NA,1,NA,NA
320,Fixed inc.,2,2,20,1,0,2,NA,1,1,NA,1,NA
320,Fixed inc.,3,2,20,1,0,1,3,NA,NA,7,1,1
320,Fixed inc.,4,2,20,1,0,2,NA,5,3,NA,7,1
320,Fixed inc.,5,2,20,1,0,1,1,NA,NA,10,7,3
320,Fixed inc.,6,2,20,1,0,2,NA,1,2,NA,10,3
320,Fixed inc.,7,2,20,1,0,1,9,NA,NA,0,10,2
320,Fixed inc.,8,2,20,1,0,2,NA,1,3,NA,0,2
320,Fixed inc.,9,2,20,1,0,1,0,NA,NA,0,0,3
320,Fixed inc.,10,2,20,1,0,2,NA,2,2,NA,0,3
321,Fixed inc.,1,3,21,1,0,2,NA,0,5,NA,NA,NA
321,Fixed inc.,2,3,21,1,0,1,4,NA,NA,8,NA,5
321,Fixed inc.,3,3,21,1,0,2,NA,0,2,NA,8,5
321,Fixed inc.,4,3,21,1,0,1,4,NA,NA,2,8,2
321,Fixed inc.,5,3,21,1,0,2,NA,0,2,NA,2,2
321,Fixed inc.,6,3,21,1,0,1,3,NA,NA,0,2,2
321,Fixed inc.,7,3,21,1,0,2,NA,0,9,NA,0,2
321,Fixed inc.,8,3,21,1,0,1,3,NA,NA,3,0,9
321,Fixed inc.,9,3,21,1,0,2,NA,0,5,NA,3,9
321,Fixed inc.,10,3,21,1,0,1,4,NA,NA,0,3,5
322,Fixed inc.,1,4,22,1,0,1,5,NA,NA,25,NA,NA
322,Fixed inc.,2,4,22,1,0,2,NA,8,4,NA,25,NA
322,Fixed inc.,3,4,22,1,0,1,4,NA,NA,2,25,4
322,Fixed inc.,4,4,22,1,0,2,NA,2,2,NA,2,4
322,Fixed inc.,5,4,22,1,0,1,6,NA,NA,3,2,2
322,Fixed inc.,6,4,22,1,0,2,NA,4,5,NA,3,2
322,Fixed inc.,7,4,22,1,0,1,7,NA,NA,1,3,5
322,Fixed inc.,8,4,22,1,0,2,NA,0,2,NA,1,5
322,Fixed inc.,9,4,22,1,0,1,4,NA,NA,1,1,2
322,Fixed inc.,10,4,22,1,0,2,NA,9,3,NA,1,2
323,Fixed inc.,1,5,23,1,0,2,NA,0,0,NA,NA,NA
323,Fixed inc.,2,5,23,1,0,1,8,NA,NA,10,NA,0
323,Fixed inc.,3,5,23,1,0,2,NA,0,0,NA,10,0
323,Fixed inc.,4,5,23,1,0,1,8,NA,NA,0,10,0
323,Fixed inc.,5,5,23,1,0,2,NA,8,5,NA,0,0
323,Fixed inc.,6,5,23,1,0,1,7,NA,NA,10,0,5
323,Fixed inc.,7,5,23,1,0,2,NA,7,5,NA,10,5
323,Fixed inc.,8,5,23,1,0,1,8,NA,NA,1,10,5
323,Fixed inc.,9,5,23,1,0,2,NA,0,4,NA,1,5
323,Fixed inc.,10,5,23,1,0,1,7,NA,NA,1,1,4
324,Fixed inc.,1,6,24,1,0,1,0,NA,NA,0,NA,NA
324,Fixed inc.,2,6,24,1,0,2,NA,0,3,NA,0,NA
324,Fixed inc.,3,6,24,1,0,1,0,NA,NA,0,0,3
324,Fixed inc.,4,6,24,1,0,2,NA,0,1,NA,0,3
324,Fixed inc.,5,6,24,1,0,1,0,NA,NA,0,0,1
324,Fixed inc.,6,6,24,1,0,2,NA,0,3,NA,0,1
324,Fixed inc.,7,6,24,1,0,1,0,NA,NA,5,0,3
324,Fixed inc.,8,6,24,1,0,2,NA,0,8,NA,5,3
324,Fixed inc.,9,6,24,1,0,1,0,NA,NA,2,5,8
324,Fixed inc.,10,6,24,1,0,2,NA,0,4,NA,2,8
325,Fixed inc.,1,7,25,1,0,2,NA,1,7,NA,NA,NA
325,Fixed inc.,2,7,25,1,0,1,1,NA,NA,1,NA,7
325,Fixed inc.,3,7,25,1,0,2,NA,1,2,NA,1,7
325,Fixed inc.,4,7,25,1,0,1,1,NA,NA,0,1,2
325,Fixed inc.,5,7,25,1,0,2,NA,1,5,NA,0,2
325,Fixed inc.,6,7,25,1,0,1,1,NA,NA,0,0,5
325,Fixed inc.,7,7,25,1,0,2,NA,1,7,NA,0,5
325,Fixed inc.,8,7,25,1,0,1,1,NA,NA,0,0,7
325,Fixed inc.,9,7,25,1,0,2,NA,2,1,NA,0,7
325,Fixed inc.,10,7,25,1,0,1,2,NA,NA,2,0,1
326,Fixed inc.,1,8,26,1,0,1,5,NA,NA,25,NA,NA
326,Fixed inc.,2,8,26,1,0,2,NA,1,3,NA,25,NA
326,Fixed inc.,3,8,26,1,0,1,0,NA,NA,0,25,3
326,Fixed inc.,4,8,26,1,0,2,NA,0,8,NA,0,3
326,Fixed inc.,5,8,26,1,0,1,2,NA,NA,10,0,8
326,Fixed inc.,6,8,26,1,0,2,NA,0,3,NA,10,8
326,Fixed inc.,7,8,26,1,0,1,1,NA,NA,2,10,3
326,Fixed inc.,8,8,26,1,0,2,NA,0,1,NA,2,3
326,Fixed inc.,9,8,26,1,0,1,0,NA,NA,0,2,1
326,Fixed inc.,10,8,26,1,0,2,NA,2,2,NA,0,1
327,Fixed inc.,1,9,27,1,0,2,NA,5,7,NA,NA,NA
327,Fixed inc.,2,9,27,1,0,1,3,NA,NA,0,NA,7
327,Fixed inc.,3,9,27,1,0,2,NA,0,0,NA,0,7
327,Fixed inc.,4,9,27,1,0,1,3,NA,NA,5,0,0
327,Fixed inc.,5,9,27,1,0,2,NA,3,6,NA,5,0
327,Fixed inc.,6,9,27,1,0,1,5,NA,NA,4,5,6
327,Fixed inc.,7,9,27,1,0,2,NA,2,4,NA,4,6
327,Fixed inc.,8,9,27,1,0,1,1,NA,NA,1,4,4
327,Fixed inc.,9,9,27,1,0,2,NA,0,0,NA,1,4
327,Fixed inc.,10,9,27,1,0,1,4,NA,NA,0,1,0
328,Fixed inc.,1,10,28,1,0,1,3,NA,NA,10,NA,NA
328,Fixed inc.,2,10,28,1,0,2,NA,10,8,NA,10,NA
328,Fixed inc.,3,10,28,1,0,1,4,NA,NA,2,10,8
328,Fixed inc.,4,10,28,1,0,2,NA,10,10,NA,2,8
328,Fixed inc.,5,10,28,1,0,1,5,NA,NA,8,2,10
328,Fixed inc.,6,10,28,1,0,2,NA,10,7,NA,8,10
328,Fixed inc.,7,10,28,1,0,1,6,NA,NA,2,8,7
328,Fixed inc.,8,10,28,1,0,2,NA,5,5,NA,2,7
328,Fixed inc.,9,10,28,1,0,1,4,NA,NA,0,2,5
328,Fixed inc.,10,10,28,1,0,2,NA,0,3,NA,0,5
329,Fixed inc.,1,11,29,1,0,2,NA,25,5,NA,NA,NA
329,Fixed inc.,2,11,29,1,0,1,10,NA,NA,10,NA,5
329,Fixed inc.,3,11,29,1,0,2,NA,6,2,NA,10,5
329,Fixed inc.,4,11,29,1,0,1,10,NA,NA,10,10,2
329,Fixed inc.,5,11,29,1,0,2,NA,10,1,NA,10,2
329,Fixed inc.,6,11,29,1,0,1,10,NA,NA,7,10,1
329,Fixed inc.,7,11,29,1,0,2,NA,12,4,NA,7,1
329,Fixed inc.,8,11,29,1,0,1,8,NA,NA,0,7,4
329,Fixed inc.,9,11,29,1,0,2,NA,0,0,NA,0,4
329,Fixed inc.,10,11,29,1,0,1,5,NA,NA,4,0,0
330,Fixed inc.,1,12,30,1,0,1,7,NA,NA,5,NA,NA
330,Fixed inc.,2,12,30,1,0,2,NA,10,10,NA,5,NA
330,Fixed inc.,3,12,30,1,0,1,10,NA,NA,20,5,10
330,Fixed inc.,4,12,30,1,0,2,NA,10,5,NA,20,10
330,Fixed inc.,5,12,30,1,0,1,5,NA,NA,1,20,5
330,Fixed inc.,6,12,30,1,0,2,NA,7,10,NA,1,5
330,Fixed inc.,7,12,30,1,0,1,5,NA,NA,1,1,10
330,Fixed inc.,8,12,30,1,0,2,NA,1,8,NA,1,10
330,Fixed inc.,9,12,30,1,0,1,5,NA,NA,0,1,8
330,Fixed inc.,10,12,30,1,0,2,NA,0,0,NA,0,8
331,Fixed inc.,1,13,31,1,0,2,NA,25,5,NA,NA,NA
331,Fixed inc.,2,13,31,1,0,1,8,NA,NA,3,NA,5
331,Fixed inc.,3,13,31,1,0,2,NA,7,3,NA,3,5
331,Fixed inc.,4,13,31,1,0,1,8,NA,NA,5,3,3
331,Fixed inc.,5,13,31,1,0,2,NA,10,2,NA,5,3
331,Fixed inc.,6,13,31,1,0,1,8,NA,NA,6,5,2
331,Fixed inc.,7,13,31,1,0,2,NA,5,0,NA,6,2
331,Fixed inc.,8,13,31,1,0,1,5,NA,NA,5,6,0
331,Fixed inc.,9,13,31,1,0,2,NA,2,0,NA,5,0
331,Fixed inc.,10,13,31,1,0,1,3,NA,NA,9,5,0
332,Fixed inc.,1,14,32,1,0,1,5,NA,NA,0,NA,NA
332,Fixed inc.,2,14,32,1,0,2,NA,3,8,NA,0,NA
332,Fixed inc.,3,14,32,1,0,1,2,NA,NA,1,0,8
332,Fixed inc.,4,14,32,1,0,2,NA,2,5,NA,1,8
332,Fixed inc.,5,14,32,1,0,1,2,NA,NA,0,1,5
332,Fixed inc.,6,14,32,1,0,2,NA,0,1,NA,0,5
332,Fixed inc.,7,14,32,1,0,1,4,NA,NA,12,0,1
332,Fixed inc.,8,14,32,1,0,2,NA,3,3,NA,12,1
332,Fixed inc.,9,14,32,1,0,1,4,NA,NA,4,12,3
332,Fixed inc.,10,14,32,1,0,2,NA,4,5,NA,4,3
333,Fixed inc.,1,15,33,1,0,2,NA,2,4,NA,NA,NA
333,Fixed inc.,2,15,33,1,0,1,3,NA,NA,1,NA,4
333,Fixed inc.,3,15,33,1,0,2,NA,20,10,NA,1,4
333,Fixed inc.,4,15,33,1,0,1,2,NA,NA,2,1,10
333,Fixed inc.,5,15,33,1,0,2,NA,2,4,NA,2,10
333,Fixed inc.,6,15,33,1,0,1,2,NA,NA,1,2,4
333,Fixed inc.,7,15,33,1,0,2,NA,2,6,NA,1,4
333,Fixed inc.,8,15,33,1,0,1,2,NA,NA,0,1,6
333,Fixed inc.,9,15,33,1,0,2,NA,4,4,NA,0,6
333,Fixed inc.,10,15,33,1,0,1,3,NA,NA,0,0,4
334,Fixed inc.,1,16,34,1,0,1,3,NA,NA,3,NA,NA
334,Fixed inc.,2,16,34,1,0,2,NA,2,2,NA,3,NA
334,Fixed inc.,3,16,34,1,0,1,2,NA,NA,6,3,2
334,Fixed inc.,4,16,34,1,0,2,NA,5,8,NA,6,2
334,Fixed inc.,5,16,34,1,0,1,3,NA,NA,3,6,8
334,Fixed inc.,6,16,34,1,0,2,NA,6,8,NA,3,8
334,Fixed inc.,7,16,34,1,0,1,5,NA,NA,7,3,8
334,Fixed inc.,8,16,34,1,0,2,NA,1,1,NA,7,8
334,Fixed inc.,9,16,34,1,0,1,1,NA,NA,2,7,1
334,Fixed inc.,10,16,34,1,0,2,NA,1,7,NA,2,1
335,Fixed inc.,1,17,35,1,0,2,NA,3,3,NA,NA,NA
335,Fixed inc.,2,17,35,1,0,1,4,NA,NA,4,NA,3
335,Fixed inc.,3,17,35,1,0,2,NA,2,4,NA,4,3
335,Fixed inc.,4,17,35,1,0,1,5,NA,NA,10,4,4
335,Fixed inc.,5,17,35,1,0,2,NA,3,3,NA,10,4
335,Fixed inc.,6,17,35,1,0,1,3,NA,NA,0,10,3
335,Fixed inc.,7,17,35,1,0,2,NA,2,1,NA,0,3
335,Fixed inc.,8,17,35,1,0,1,3,NA,NA,1,0,1
335,Fixed inc.,9,17,35,1,0,2,NA,1,4,NA,1,1
335,Fixed inc.,10,17,35,1,0,1,2,NA,NA,2,1,4
336,Fixed inc.,1,18,36,1,0,1,4,NA,NA,2,NA,NA
336,Fixed inc.,2,18,36,1,0,2,NA,4,4,NA,2,NA
336,Fixed inc.,3,18,36,1,0,1,2,NA,NA,0,2,4
336,Fixed inc.,4,18,36,1,0,2,NA,2,4,NA,0,4
336,Fixed inc.,5,18,36,1,0,1,4,NA,NA,2,0,4
336,Fixed inc.,6,18,36,1,0,2,NA,2,10,NA,2,4
336,Fixed inc.,7,18,36,1,0,1,4,NA,NA,2,2,10
336,Fixed inc.,8,18,36,1,0,2,NA,2,5,NA,2,10
336,Fixed inc.,9,18,36,1,0,1,4,NA,NA,0,2,5
336,Fixed inc.,10,18,36,1,0,2,NA,0,4,NA,0,5
